{
  "total_images": 117,
  "passed": 0,
  "failed": 117,
  "errors": 0,
  "average_iqs": 26.505736887873756,
  "lowest_iqs": 24.21856088982115
}