{
  "total_images": 82,
  "passed": 0,
  "failed": 82,
  "errors": 0,
  "average_iqs": 25.60361204130336,
  "lowest_iqs": 24.21856088982115
}